{"step": 11, "lr": 8.571428571428571e-06, "loss": 547.2354736328125, "loss-total": -0.10230159759521484, "cos-sim-clean": 0.999929666519165, "cos-sim": 0.10230159759521484, "acc": 76.5625, "racc": 9.375, "avg/loss": 539.925820090554, "avg/cos-sim": 0.10798917236653241, "avg/acc": 74.00568181818181, "avg/racc": 8.096590909090908, "eval/racc": 0.0, "eval/acc": 75.0, "eval/cos-sim": 0.2850092649459839, "time/total-remaining": 361.18221084276837, "time/this-epoch-remaining": 722.9784314439694, "time/epoch-average-time": 723.0145496650537, "time/batch-average-time": 0.036118221084276834, "other/epoch": 0.0, "_timestamp": 1721158698.8957093, "_runtime": 278.72544026374817, "_step": 1, "_wandb": {"runtime": 297}}